phase,cell,item,prompt,predicted,correct,len,ans_len,rt_v1,eg_v2,ih_v2,degenerate,repeated,unclosed_think
A,envelope_baseline_qwen3-4b_rt-eval,rt-p06,Compare two hypotheses for why aging exists.,rt_score=1.55,,9170,4782,1.550387596899225,-2.3255813953488373,0.0,False,False,False
A,envelope_baseline_qwen3-4b_rt-eval,rt-p14,Explain why people remember emotionally charged events better than mundane ones.,rt_score=3.28,,8220,3433,3.284072249589491,0.8210180623973727,0.0,False,False,False
A,envelope_baseline_qwen3-4b_rt-eval,rt-p16,Work out why ice cubes float while most solid forms of substances sink in their liquids.,rt_score=2.60,,4618,1694,2.6007802340702213,3.9011703511053315,0.0,False,False,False
A,envelope_baseline_qwen3-4b_rt-eval,rt-p19,Reason through why bridges built in the 1950s need different retrofits than ones built in the 1980s.,rt_score=0.76,,9228,4393,0.7633587786259541,2.290076335877863,0.0,False,False,False
A,envelope_baseline_qwen3-4b_rt-eval,rt-p24,Compare what you'd expect from slow vs fast sea-level rise.,rt_score=2.44,,8411,4291,2.444987775061125,1.6299918500407498,2.444987775061125,False,False,False
A,envelope_qwen3-4b_vRT_L13_a2_rt-eval,rt-p06,Compare two hypotheses for why aging exists.,rt_score=0.72,,9580,5441,0.7189072609633358,0.0,0.0,False,False,False
A,envelope_qwen3-4b_vRT_L13_a2_rt-eval,rt-p14,Explain why people remember emotionally charged events better than mundane ones.,rt_score=1.78,,7646,3528,1.779359430604982,0.0,0.0,False,False,False
A,envelope_qwen3-4b_vRT_L13_a2_rt-eval,rt-p16,Work out why ice cubes float while most solid forms of substances sink in their liquids.,rt_score=4.40,,5522,1987,4.4004400440044,2.2002200220022,0.0,False,False,False
A,envelope_qwen3-4b_vRT_L13_a2_rt-eval,rt-p19,Reason through why bridges built in the 1950s need different retrofits than ones built in the 1980s.,rt_score=1.37,,9705,2540,1.36986301369863,2.054794520547945,2.054794520547945,False,False,False
A,envelope_qwen3-4b_vRT_L13_a2_rt-eval,rt-p24,Compare what you'd expect from slow vs fast sea-level rise.,rt_score=1.49,,9110,4768,1.4936519790888725,2.987303958177745,2.2404779686333085,False,False,False
A,envelope_qwen3-4b_vRT_L13_a4_rt-eval,rt-p06,Compare two hypotheses for why aging exists.,rt_score=0.78,,8736,4203,0.78064012490242,-0.78064012490242,0.0,False,False,False
A,envelope_qwen3-4b_vRT_L13_a4_rt-eval,rt-p14,Explain why people remember emotionally charged events better than mundane ones.,rt_score=1.31,,10292,4433,1.314060446780552,0.0,0.0,False,False,False
A,envelope_qwen3-4b_vRT_L13_a4_rt-eval,rt-p16,Work out why ice cubes float while most solid forms of substances sink in their liquids.,rt_score=2.47,,4848,1895,2.4691358024691357,0.0,0.0,False,False,False
A,envelope_qwen3-4b_vRT_L13_a4_rt-eval,rt-p19,Reason through why bridges built in the 1950s need different retrofits than ones built in the 1980s.,rt_score=2.13,,9479,3077,2.130681818181818,2.130681818181818,0.0,False,False,False
A,envelope_qwen3-4b_vRT_L13_a4_rt-eval,rt-p24,Compare what you'd expect from slow vs fast sea-level rise.,rt_score=0.69,,9340,3405,0.6882312456985547,5.849965588437715,0.0,False,False,False
A,envelope_qwen3-4b_vRT_L13_a6_rt-eval,rt-p06,Compare two hypotheses for why aging exists.,rt_score=2.05,,9839,4646,2.0463847203274215,1.364256480218281,0.0,False,False,False
A,envelope_qwen3-4b_vRT_L13_a6_rt-eval,rt-p14,Explain why people remember emotionally charged events better than mundane ones.,rt_score=2.62,,7624,3565,2.6200873362445414,0.8733624454148472,0.0,False,False,False
A,envelope_qwen3-4b_vRT_L13_a6_rt-eval,rt-p16,Work out why ice cubes float while most solid forms of substances sink in their liquids.,rt_score=2.51,,4777,1627,2.509410288582183,0.0,0.0,False,False,False
A,envelope_qwen3-4b_vRT_L13_a6_rt-eval,rt-p19,Reason through why bridges built in the 1950s need different retrofits than ones built in the 1980s.,rt_score=1.40,,9465,3084,1.4015416958654519,2.102312543798178,0.0,False,False,False
A,envelope_qwen3-4b_vRT_L13_a6_rt-eval,rt-p24,Compare what you'd expect from slow vs fast sea-level rise.,rt_score=0.66,,9217,1737,0.6600660066006601,13.201320132013201,0.0,False,False,False
A,envelope_qwen3-4b_vRT_L13_a8_rt-eval,rt-p06,Compare two hypotheses for why aging exists.,rt_score=0.00,,9297,4806,0.0,2.1459227467811157,0.0,False,False,False
A,envelope_qwen3-4b_vRT_L13_a8_rt-eval,rt-p14,Explain why people remember emotionally charged events better than mundane ones.,rt_score=2.16,,9372,3669,2.155172413793103,1.4367816091954022,0.0,False,False,False
A,envelope_qwen3-4b_vRT_L13_a8_rt-eval,rt-p16,Work out why ice cubes float while most solid forms of substances sink in their liquids.,rt_score=1.07,,5665,1912,1.0672358591248667,0.0,0.0,False,False,False
A,envelope_qwen3-4b_vRT_L13_a8_rt-eval,rt-p19,Reason through why bridges built in the 1950s need different retrofits than ones built in the 1980s.,rt_score=1.39,,9519,4437,1.389854065323141,4.169562195969423,0.0,False,False,False
A,envelope_qwen3-4b_vRT_L13_a8_rt-eval,rt-p24,Compare what you'd expect from slow vs fast sea-level rise.,rt_score=0.69,,9281,3179,0.6872852233676976,2.7491408934707904,0.0,False,False,False
A,envelope_qwen3-4b_vRT_L14_a2_rt-eval,rt-p06,Compare two hypotheses for why aging exists.,rt_score=0.00,,10225,4702,0.0,6.064690026954178,0.0,False,False,False
A,envelope_qwen3-4b_vRT_L14_a2_rt-eval,rt-p14,Explain why people remember emotionally charged events better than mundane ones.,rt_score=2.82,,7277,3702,2.819548872180451,-1.8796992481203008,0.0,False,False,False
A,envelope_qwen3-4b_vRT_L14_a2_rt-eval,rt-p16,Work out why ice cubes float while most solid forms of substances sink in their liquids.,rt_score=2.54,,4664,1575,2.5412960609911055,0.0,0.0,False,False,False
A,envelope_qwen3-4b_vRT_L14_a2_rt-eval,rt-p19,Reason through why bridges built in the 1950s need different retrofits than ones built in the 1980s.,rt_score=1.43,,9493,3303,1.4295925661186561,2.144388849177984,0.0,False,False,False
A,envelope_qwen3-4b_vRT_L14_a2_rt-eval,rt-p24,Compare what you'd expect from slow vs fast sea-level rise.,rt_score=2.14,,9547,4769,2.142857142857143,2.857142857142857,2.142857142857143,False,False,False
A,envelope_qwen3-4b_vRT_L14_a4_rt-eval,rt-p06,Compare two hypotheses for why aging exists.,rt_score=1.37,,9935,4685,1.36986301369863,-0.684931506849315,0.0,False,False,False
A,envelope_qwen3-4b_vRT_L14_a4_rt-eval,rt-p14,Explain why people remember emotionally charged events better than mundane ones.,rt_score=3.54,,7644,3284,3.5398230088495577,0.0,0.0,False,False,False
A,envelope_qwen3-4b_vRT_L14_a4_rt-eval,rt-p16,Work out why ice cubes float while most solid forms of substances sink in their liquids.,rt_score=3.49,,5169,1816,3.488372093023256,0.0,0.0,False,False,False
A,envelope_qwen3-4b_vRT_L14_a4_rt-eval,rt-p19,Reason through why bridges built in the 1950s need different retrofits than ones built in the 1980s.,rt_score=2.91,,9565,3571,2.9069767441860463,0.0,4.3604651162790695,False,False,False
A,envelope_qwen3-4b_vRT_L14_a4_rt-eval,rt-p24,Compare what you'd expect from slow vs fast sea-level rise.,rt_score=1.99,,10068,4359,1.9893899204244032,3.9787798408488064,1.9893899204244032,False,False,False
A,envelope_qwen3-4b_vRT_L14_a6_rt-eval,rt-p06,Compare two hypotheses for why aging exists.,rt_score=1.31,,9805,2655,1.3063357282821686,-2.612671456564337,0.0,True,False,False
A,envelope_qwen3-4b_vRT_L14_a6_rt-eval,rt-p14,Explain why people remember emotionally charged events better than mundane ones.,rt_score=1.45,,9360,4509,1.4461315979754157,0.0,0.0,False,False,False
A,envelope_qwen3-4b_vRT_L14_a6_rt-eval,rt-p16,Work out why ice cubes float while most solid forms of substances sink in their liquids.,rt_score=4.49,,5294,1754,4.489337822671156,10.101010101010102,0.0,False,False,False
A,envelope_qwen3-4b_vRT_L14_a6_rt-eval,rt-p19,Reason through why bridges built in the 1950s need different retrofits than ones built in the 1980s.,rt_score=2.26,,9436,3910,2.2624434389140275,0.0,0.0,False,False,False
A,envelope_qwen3-4b_vRT_L14_a6_rt-eval,rt-p24,Compare what you'd expect from slow vs fast sea-level rise.,rt_score=2.31,,9016,4758,2.3059185242121445,3.074558032282859,0.0,False,False,False
A,envelope_qwen3-4b_vRT_L14_a8_rt-eval,rt-p06,Compare two hypotheses for why aging exists.,rt_score=1.90,,9916,2102,1.8963337547408343,0.6321112515802781,0.0,False,False,False
A,envelope_qwen3-4b_vRT_L14_a8_rt-eval,rt-p14,Explain why people remember emotionally charged events better than mundane ones.,rt_score=3.32,,10195,4299,3.3200531208499338,0.0,0.0,False,False,False
A,envelope_qwen3-4b_vRT_L14_a8_rt-eval,rt-p16,Work out why ice cubes float while most solid forms of substances sink in their liquids.,rt_score=5.19,,7731,1768,5.185185185185185,8.88888888888889,0.0,True,False,False
A,envelope_qwen3-4b_vRT_L14_a8_rt-eval,rt-p19,Reason through why bridges built in the 1950s need different retrofits than ones built in the 1980s.,rt_score=2.83,,9383,3137,2.8268551236749113,4.240282685512367,0.0,False,False,False
A,envelope_qwen3-4b_vRT_L14_a8_rt-eval,rt-p24,Compare what you'd expect from slow vs fast sea-level rise.,rt_score=2.83,,9541,4939,2.8328611898017,2.4787535410764874,0.0,False,False,False
A,envelope_qwen3-4b_vRT_L15_a10_rt-eval,rt-p06,Compare two hypotheses for why aging exists.,rt_score=4.73,,9452,3221,4.732927653820148,0.0,0.0,True,False,False
A,envelope_qwen3-4b_vRT_L15_a10_rt-eval,rt-p14,Explain why people remember emotionally charged events better than mundane ones.,rt_score=0.68,,9759,4069,0.6770480704129993,2.708192281651997,2.031144211238998,False,False,False
A,envelope_qwen3-4b_vRT_L15_a10_rt-eval,rt-p16,Work out why ice cubes float while most solid forms of substances sink in their liquids.,rt_score=4.46,,6499,2350,4.464285714285714,6.696428571428571,0.0,False,False,False
A,envelope_qwen3-4b_vRT_L15_a10_rt-eval,rt-p19,Reason through why bridges built in the 1950s need different retrofits than ones built in the 1980s.,rt_score=3.71,,8869,2391,3.714710252600297,7.800891530460624,0.0,False,False,False
A,envelope_qwen3-4b_vRT_L15_a10_rt-eval,rt-p24,Compare what you'd expect from slow vs fast sea-level rise.,rt_score=1.42,,9243,3871,1.4204545454545454,4.971590909090909,0.0,False,False,False
A,envelope_qwen3-4b_vRT_L15_a12_rt-eval,rt-p06,Compare two hypotheses for why aging exists.,rt_score=4.70,,8871,2180,4.701141705842848,1.343183344526528,0.0,True,True,False
A,envelope_qwen3-4b_vRT_L15_a12_rt-eval,rt-p14,Explain why people remember emotionally charged events better than mundane ones.,rt_score=0.69,,9773,4349,0.6858710562414265,0.6858710562414265,2.05761316872428,False,False,False
A,envelope_qwen3-4b_vRT_L15_a12_rt-eval,rt-p16,Work out why ice cubes float while most solid forms of substances sink in their liquids.,rt_score=6.57,,8933,8932,6.571087216248507,0.0,0.0,True,True,True
A,envelope_qwen3-4b_vRT_L15_a12_rt-eval,rt-p19,Reason through why bridges built in the 1950s need different retrofits than ones built in the 1980s.,rt_score=1.46,,8345,42,1.455604075691412,6.550218340611353,0.0,True,False,False
A,envelope_qwen3-4b_vRT_L15_a12_rt-eval,rt-p24,Compare what you'd expect from slow vs fast sea-level rise.,rt_score=1.40,,8721,2526,1.3956734124214933,2.7913468248429867,0.0,True,False,False
A,envelope_qwen3-4b_vRT_L15_a14_rt-eval,rt-p06,Compare two hypotheses for why aging exists.,rt_score=4.52,,9060,9059,4.521963824289405,3.875968992248062,0.0,True,True,True
A,envelope_qwen3-4b_vRT_L15_a14_rt-eval,rt-p14,Explain why people remember emotionally charged events better than mundane ones.,rt_score=2.04,,9559,3383,2.0380434782608696,2.717391304347826,0.0,False,False,False
A,envelope_qwen3-4b_vRT_L15_a14_rt-eval,rt-p16,Work out why ice cubes float while most solid forms of substances sink in their liquids.,rt_score=0.00,,8754,8753,0.0,0.0,0.0,True,True,True
A,envelope_qwen3-4b_vRT_L15_a14_rt-eval,rt-p19,Reason through why bridges built in the 1950s need different retrofits than ones built in the 1980s.,rt_score=3.05,,8053,1879,3.0534351145038165,5.7251908396946565,0.0,False,False,False
A,envelope_qwen3-4b_vRT_L15_a14_rt-eval,rt-p24,Compare what you'd expect from slow vs fast sea-level rise.,rt_score=1.25,,8756,8755,1.2492192379762648,6.246096189881324,0.0,True,True,True
A,envelope_qwen3-4b_vRT_L15_a2_rt-eval,rt-p06,Compare two hypotheses for why aging exists.,rt_score=1.57,,8920,5235,1.5686274509803921,0.7843137254901961,0.0,False,False,False
A,envelope_qwen3-4b_vRT_L15_a2_rt-eval,rt-p14,Explain why people remember emotionally charged events better than mundane ones.,rt_score=1.88,,7208,3668,1.8814675446848543,0.0,0.0,False,False,False
A,envelope_qwen3-4b_vRT_L15_a2_rt-eval,rt-p16,Work out why ice cubes float while most solid forms of substances sink in their liquids.,rt_score=2.48,,4826,1666,2.4844720496894412,1.8633540372670807,0.0,False,False,False
A,envelope_qwen3-4b_vRT_L15_a2_rt-eval,rt-p19,Reason through why bridges built in the 1950s need different retrofits than ones built in the 1980s.,rt_score=0.70,,9679,3606,0.7047216349541932,6.342494714587738,0.0,False,False,False
A,envelope_qwen3-4b_vRT_L15_a2_rt-eval,rt-p24,Compare what you'd expect from slow vs fast sea-level rise.,rt_score=2.10,,9664,4681,2.0964360587002098,2.795248078266946,0.0,False,False,False
A,envelope_qwen3-4b_vRT_L15_a4_rt-eval,rt-p06,Compare two hypotheses for why aging exists.,rt_score=1.52,,9123,5071,1.5197568389057752,6.079027355623101,0.0,False,False,False
A,envelope_qwen3-4b_vRT_L15_a4_rt-eval,rt-p14,Explain why people remember emotionally charged events better than mundane ones.,rt_score=2.46,,8419,3188,2.4630541871921183,0.0,2.4630541871921183,False,False,False
A,envelope_qwen3-4b_vRT_L15_a4_rt-eval,rt-p16,Work out why ice cubes float while most solid forms of substances sink in their liquids.,rt_score=2.73,,4415,1669,2.728512960436562,0.0,0.0,False,False,False
A,envelope_qwen3-4b_vRT_L15_a4_rt-eval,rt-p19,Reason through why bridges built in the 1950s need different retrofits than ones built in the 1980s.,rt_score=1.40,,9596,3499,1.397624039133473,2.0964360587002098,0.0,False,False,False
A,envelope_qwen3-4b_vRT_L15_a4_rt-eval,rt-p24,Compare what you'd expect from slow vs fast sea-level rise.,rt_score=2.10,,9370,4824,2.099370188943317,5.598320503848845,0.0,False,False,False
A,envelope_qwen3-4b_vRT_L15_a6_rt-eval,rt-p06,Compare two hypotheses for why aging exists.,rt_score=2.77,,9622,4242,2.772002772002772,0.0,0.0,False,False,False
A,envelope_qwen3-4b_vRT_L15_a6_rt-eval,rt-p14,Explain why people remember emotionally charged events better than mundane ones.,rt_score=2.37,,8704,4250,2.3715415019762847,0.7905138339920948,0.0,False,False,False
A,envelope_qwen3-4b_vRT_L15_a6_rt-eval,rt-p16,Work out why ice cubes float while most solid forms of substances sink in their liquids.,rt_score=4.07,,5676,1668,4.0733197556008145,7.637474541751527,0.0,False,False,False
A,envelope_qwen3-4b_vRT_L15_a6_rt-eval,rt-p19,Reason through why bridges built in the 1950s need different retrofits than ones built in the 1980s.,rt_score=1.45,,9289,2998,1.4524328249818446,2.1786492374727673,0.0,False,False,False
A,envelope_qwen3-4b_vRT_L15_a6_rt-eval,rt-p24,Compare what you'd expect from slow vs fast sea-level rise.,rt_score=0.78,,9033,4761,0.778816199376947,4.672897196261682,-0.778816199376947,False,False,False
A,envelope_qwen3-4b_vRT_L15_a8_rt-eval,rt-p06,Compare two hypotheses for why aging exists.,rt_score=6.03,,8803,5042,6.033182503770739,0.0,0.0,False,False,False
A,envelope_qwen3-4b_vRT_L15_a8_rt-eval,rt-p14,Explain why people remember emotionally charged events better than mundane ones.,rt_score=0.66,,10238,4336,0.6578947368421052,1.3157894736842104,1.973684210526316,False,False,False
A,envelope_qwen3-4b_vRT_L15_a8_rt-eval,rt-p16,Work out why ice cubes float while most solid forms of substances sink in their liquids.,rt_score=2.98,,5925,1848,2.976190476190476,20.833333333333332,0.0,False,False,False
A,envelope_qwen3-4b_vRT_L15_a8_rt-eval,rt-p19,Reason through why bridges built in the 1950s need different retrofits than ones built in the 1980s.,rt_score=2.08,,9246,1494,2.081887578070784,3.1228313671061763,0.0,False,False,False
A,envelope_qwen3-4b_vRT_L15_a8_rt-eval,rt-p24,Compare what you'd expect from slow vs fast sea-level rise.,rt_score=1.44,,9792,5103,1.4388489208633093,1.4388489208633093,2.158273381294964,False,False,False
A,envelope_qwen3-4b_vRT_L16_a2_rt-eval,rt-p06,Compare two hypotheses for why aging exists.,rt_score=1.98,,7402,5024,1.9801980198019802,0.0,0.0,False,False,False
A,envelope_qwen3-4b_vRT_L16_a2_rt-eval,rt-p14,Explain why people remember emotionally charged events better than mundane ones.,rt_score=1.68,,7994,3581,1.682085786375105,0.0,0.0,False,False,False
A,envelope_qwen3-4b_vRT_L16_a2_rt-eval,rt-p16,Work out why ice cubes float while most solid forms of substances sink in their liquids.,rt_score=2.66,,4526,1630,2.6595744680851063,0.0,0.0,False,False,False
A,envelope_qwen3-4b_vRT_L16_a2_rt-eval,rt-p19,Reason through why bridges built in the 1950s need different retrofits than ones built in the 1980s.,rt_score=0.70,,9732,3704,0.7007708479327259,2.102312543798178,0.0,False,False,False
A,envelope_qwen3-4b_vRT_L16_a2_rt-eval,rt-p24,Compare what you'd expect from slow vs fast sea-level rise.,rt_score=1.52,,8991,4920,1.5220700152207,5.707762557077626,0.0,False,False,False
A,envelope_qwen3-4b_vRT_L16_a4_rt-eval,rt-p06,Compare two hypotheses for why aging exists.,rt_score=1.43,,9820,5442,1.4285714285714286,-0.7142857142857143,0.0,False,False,False
A,envelope_qwen3-4b_vRT_L16_a4_rt-eval,rt-p14,Explain why people remember emotionally charged events better than mundane ones.,rt_score=0.74,,9153,3853,0.7390983000739099,0.0,0.0,False,False,False
A,envelope_qwen3-4b_vRT_L16_a4_rt-eval,rt-p16,Work out why ice cubes float while most solid forms of substances sink in their liquids.,rt_score=0.00,,5648,2773,0.0,2.1299254526091587,0.0,False,False,False
A,envelope_qwen3-4b_vRT_L16_a4_rt-eval,rt-p19,Reason through why bridges built in the 1950s need different retrofits than ones built in the 1980s.,rt_score=2.82,,9737,3584,2.8208744710860367,4.2313117066290555,0.0,False,False,False
A,envelope_qwen3-4b_vRT_L16_a4_rt-eval,rt-p24,Compare what you'd expect from slow vs fast sea-level rise.,rt_score=1.39,,9369,4367,1.3917884481558804,8.002783576896311,0.0,False,False,False
A,envelope_qwen3-4b_vRT_L16_a6_rt-eval,rt-p06,Compare two hypotheses for why aging exists.,rt_score=2.00,,9597,3060,2.0013342228152102,-0.66711140760507,0.0,False,False,False
A,envelope_qwen3-4b_vRT_L16_a6_rt-eval,rt-p14,Explain why people remember emotionally charged events better than mundane ones.,rt_score=0.67,,9888,4781,0.6693440428380187,1.3386880856760375,0.0,False,False,False
A,envelope_qwen3-4b_vRT_L16_a6_rt-eval,rt-p16,Work out why ice cubes float while most solid forms of substances sink in their liquids.,rt_score=3.62,,4948,1680,3.6188178528347406,9.047044632086852,0.0,False,False,False
A,envelope_qwen3-4b_vRT_L16_a6_rt-eval,rt-p19,Reason through why bridges built in the 1950s need different retrofits than ones built in the 1980s.,rt_score=3.07,,8949,3544,3.0721966205837172,2.304147465437788,0.0,False,False,False
A,envelope_qwen3-4b_vRT_L16_a6_rt-eval,rt-p24,Compare what you'd expect from slow vs fast sea-level rise.,rt_score=2.62,,9604,2890,2.619515389652914,5.239030779305828,3.929273084479371,False,False,False
A,envelope_qwen3-4b_vRT_L16_a8_rt-eval,rt-p06,Compare two hypotheses for why aging exists.,rt_score=2.02,,9731,2858,2.0229265003371544,2.6972353337828725,0.0,True,True,False
A,envelope_qwen3-4b_vRT_L16_a8_rt-eval,rt-p14,Explain why people remember emotionally charged events better than mundane ones.,rt_score=1.33,,9989,4239,1.3280212483399734,1.3280212483399734,1.9920318725099602,False,False,False
A,envelope_qwen3-4b_vRT_L16_a8_rt-eval,rt-p16,Work out why ice cubes float while most solid forms of substances sink in their liquids.,rt_score=4.35,,6826,1908,4.3478260869565215,0.0,0.0,True,True,False
A,envelope_qwen3-4b_vRT_L16_a8_rt-eval,rt-p19,Reason through why bridges built in the 1950s need different retrofits than ones built in the 1980s.,rt_score=1.53,,8857,3018,1.5337423312883436,0.0,0.0,False,False,False
A,envelope_qwen3-4b_vRT_L16_a8_rt-eval,rt-p24,Compare what you'd expect from slow vs fast sea-level rise.,rt_score=1.41,,9179,3426,1.4084507042253522,4.225352112676056,0.0,False,False,False
A,envelope_qwen3-4b_vRT_L17_a2_rt-eval,rt-p06,Compare two hypotheses for why aging exists.,rt_score=2.44,,8550,4782,2.437043054427295,2.437043054427295,0.0,False,False,False
A,envelope_qwen3-4b_vRT_L17_a2_rt-eval,rt-p14,Explain why people remember emotionally charged events better than mundane ones.,rt_score=2.56,,8112,3653,2.5597269624573378,0.0,0.0,False,False,False
A,envelope_qwen3-4b_vRT_L17_a2_rt-eval,rt-p16,Work out why ice cubes float while most solid forms of substances sink in their liquids.,rt_score=4.49,,5222,1541,4.49438202247191,6.741573033707866,0.0,False,False,False
A,envelope_qwen3-4b_vRT_L17_a2_rt-eval,rt-p19,Reason through why bridges built in the 1950s need different retrofits than ones built in the 1980s.,rt_score=2.33,,9309,4278,2.3255813953488373,2.3255813953488373,0.0,False,False,False
A,envelope_qwen3-4b_vRT_L17_a2_rt-eval,rt-p24,Compare what you'd expect from slow vs fast sea-level rise.,rt_score=1.37,,10077,5000,1.3708019191226868,2.7416038382453736,0.0,False,False,False
A,envelope_qwen3-4b_vRT_L17_a4_rt-eval,rt-p06,Compare two hypotheses for why aging exists.,rt_score=1.39,,9688,4450,1.3908205841446453,6.954102920723227,0.0,False,False,False
A,envelope_qwen3-4b_vRT_L17_a4_rt-eval,rt-p14,Explain why people remember emotionally charged events better than mundane ones.,rt_score=1.72,,7802,3746,1.7226528854435832,0.0,0.0,False,False,False
A,envelope_qwen3-4b_vRT_L17_a4_rt-eval,rt-p16,Work out why ice cubes float while most solid forms of substances sink in their liquids.,rt_score=1.22,,4972,1876,1.2165450121654502,0.0,0.0,False,False,False
A,envelope_qwen3-4b_vRT_L17_a4_rt-eval,rt-p19,Reason through why bridges built in the 1950s need different retrofits than ones built in the 1980s.,rt_score=2.12,,9639,3671,2.124645892351275,2.8328611898017,0.0,False,False,False
A,envelope_qwen3-4b_vRT_L17_a4_rt-eval,rt-p24,Compare what you'd expect from slow vs fast sea-level rise.,rt_score=1.33,,10020,4574,1.3289036544850499,3.986710963455149,0.0,False,False,False
A,envelope_qwen3-4b_vRT_L17_a6_rt-eval,rt-p06,Compare two hypotheses for why aging exists.,rt_score=0.69,,9604,4392,0.6939625260235947,15.267175572519083,0.0,False,False,False
A,envelope_qwen3-4b_vRT_L17_a6_rt-eval,rt-p14,Explain why people remember emotionally charged events better than mundane ones.,rt_score=2.08,,6420,3184,2.081165452653486,0.0,0.0,False,False,False
A,envelope_qwen3-4b_vRT_L17_a6_rt-eval,rt-p16,Work out why ice cubes float while most solid forms of substances sink in their liquids.,rt_score=2.25,,5132,1761,2.247191011235955,0.0,0.0,False,False,False
A,envelope_qwen3-4b_vRT_L17_a6_rt-eval,rt-p19,Reason through why bridges built in the 1950s need different retrofits than ones built in the 1980s.,rt_score=3.72,,9482,5715,3.7230081906180197,9.307520476545047,0.0,False,False,False
A,envelope_qwen3-4b_vRT_L17_a6_rt-eval,rt-p24,Compare what you'd expect from slow vs fast sea-level rise.,rt_score=1.33,,9722,3644,1.3280212483399734,5.3120849933598935,0.0,False,False,False
A,envelope_qwen3-4b_vRT_L17_a8_rt-eval,rt-p06,Compare two hypotheses for why aging exists.,rt_score=0.67,,9551,1735,0.6747638326585694,6.747638326585696,2.0242914979757085,True,True,False
A,envelope_qwen3-4b_vRT_L17_a8_rt-eval,rt-p14,Explain why people remember emotionally charged events better than mundane ones.,rt_score=0.82,,8314,4147,0.819000819000819,0.0,0.0,False,False,False
A,envelope_qwen3-4b_vRT_L17_a8_rt-eval,rt-p16,Work out why ice cubes float while most solid forms of substances sink in their liquids.,rt_score=2.61,,4615,1671,2.607561929595828,0.0,0.0,False,False,False
A,envelope_qwen3-4b_vRT_L17_a8_rt-eval,rt-p19,Reason through why bridges built in the 1950s need different retrofits than ones built in the 1980s.,rt_score=3.17,,8912,4410,3.1746031746031744,1.5873015873015872,0.0,False,False,False
A,envelope_qwen3-4b_vRT_L17_a8_rt-eval,rt-p24,Compare what you'd expect from slow vs fast sea-level rise.,rt_score=1.49,,8896,4290,1.488095238095238,4.464285714285714,2.232142857142857,False,False,False
D,pathD_baseline_qwen3-4b_eg-eval-v2,eg-v2-01,Through what specific cellular mechanism does smoking cause lung cancer?,eg_v2_score=54.79,,8978,4001,2.28310502283105,54.794520547945204,2.28310502283105,False,False,False
D,pathD_baseline_qwen3-4b_eg-eval-v2,eg-v2-02,By how much does taking aspirin reduce the risk of a second heart attack?,eg_v2_score=28.60,,6860,2126,1.7873100983020553,28.596961572832885,0.0,False,False,False
D,pathD_baseline_qwen3-4b_eg-eval-v2,eg-v2-03,Are SSRIs more effective than placebo for treating mild depression?,eg_v2_score=16.95,,7230,3340,0.8920606601248885,16.949152542372882,2.676181980374665,False,False,False
D,pathD_baseline_qwen3-4b_eg-eval-v2,eg-v2-04,How do scientists determine the age of the universe?,eg_v2_score=55.56,,7882,3182,2.4330900243309004,55.55555555555555,0.0,False,False,False
D,pathD_baseline_qwen3-4b_eg-eval-v2,eg-v2-05,How exactly does the body develop antibiotic resistance against penicillin specifically?,eg_v2_score=29.07,,7189,3266,0.0,29.069767441860463,0.0,False,False,False
D,pathD_baseline_qwen3-4b_eg-eval-v2,eg-v2-06,"How much global warming has human activity caused since 1850, and how is that quantified?",eg_v2_score=36.46,,7598,3506,0.8382229673093042,36.46269907795473,0.0,False,False,False
D,pathD_baseline_qwen3-4b_eg-eval-v2,eg-v2-07,"Does the 10,000-hour rule of practice actually predict expert performance?",eg_v2_score=19.64,,5523,2750,2.3809523809523814,19.642857142857142,0.0,False,False,False
D,pathD_baseline_qwen3-4b_eg-eval-v2,eg-v2-08,"How do we know which dinosaurs had feathers, given that soft tissues rarely fossilize?",eg_v2_score=-0.82,,8329,4136,1.6313213703099512,-0.8156606851549756,2.446982055464926,False,False,False
D,pathD_baseline_qwen3-4b_eg-eval-v2,eg-v2-09,Through what biochemical pathway does ibuprofen reduce inflammation?,eg_v2_score=118.06,,7042,2780,2.0181634712411705,118.06256306760847,0.0,False,False,False
D,pathD_baseline_qwen3-4b_eg-eval-v2,eg-v2-10,How much does adding a single seismic damper reduce a tall building's lateral sway during an earthquake?,eg_v2_score=0.00,,8837,8836,6.048387096774193,0.0,8.064516129032258,True,False,True
D,pathD_qwen3-4b_vEG_L7_a4_eg-eval-v2,eg-v2-01,Through what specific cellular mechanism does smoking cause lung cancer?,eg_v2_score=35.65,,8348,3696,0.8488964346349746,35.65365025466893,0.0,False,False,False
D,pathD_qwen3-4b_vEG_L7_a4_eg-eval-v2,eg-v2-02,By how much does taking aspirin reduce the risk of a second heart attack?,eg_v2_score=27.52,,6057,2591,0.0,27.51817237798546,0.0,False,False,False
D,pathD_qwen3-4b_vEG_L7_a4_eg-eval-v2,eg-v2-03,Are SSRIs more effective than placebo for treating mild depression?,eg_v2_score=8.49,,6180,2709,1.0615711252653928,8.492569002123142,0.0,False,False,False
D,pathD_qwen3-4b_vEG_L7_a4_eg-eval-v2,eg-v2-04,How do scientists determine the age of the universe?,eg_v2_score=55.86,,6965,3337,4.578754578754579,55.86080586080586,0.0,False,False,False
D,pathD_qwen3-4b_vEG_L7_a4_eg-eval-v2,eg-v2-05,How exactly does the body develop antibiotic resistance against penicillin specifically?,eg_v2_score=31.50,,7019,4398,1.016260162601626,31.504065040650403,0.0,False,False,False
D,pathD_qwen3-4b_vEG_L7_a4_eg-eval-v2,eg-v2-06,"How much global warming has human activity caused since 1850, and how is that quantified?",eg_v2_score=34.18,,8124,3653,1.589825119236884,34.18124006359301,-2.3847376788553256,False,False,False
D,pathD_qwen3-4b_vEG_L7_a4_eg-eval-v2,eg-v2-07,"Does the 10,000-hour rule of practice actually predict expert performance?",eg_v2_score=14.14,,6306,3393,1.0471204188481678,14.136125654450263,0.0,False,False,False
D,pathD_qwen3-4b_vEG_L7_a4_eg-eval-v2,eg-v2-08,"How do we know which dinosaurs had feathers, given that soft tissues rarely fossilize?",eg_v2_score=0.00,,8209,4002,1.6233766233766236,0.0,-0.8116883116883118,False,False,False
D,pathD_qwen3-4b_vEG_L7_a4_eg-eval-v2,eg-v2-09,Through what biochemical pathway does ibuprofen reduce inflammation?,eg_v2_score=98.24,,5924,3081,1.2594458438287153,98.2367758186398,0.0,False,False,False
D,pathD_qwen3-4b_vEG_L7_a4_eg-eval-v2,eg-v2-10,How much does adding a single seismic damper reduce a tall building's lateral sway during an earthquake?,eg_v2_score=0.00,,8105,8104,1.4803849000740192,0.0,4.441154700222057,False,False,True
D,pathD_qwen3-4b_vEG_L7_a8_eg-eval-v2,eg-v2-01,Through what specific cellular mechanism does smoking cause lung cancer?,eg_v2_score=49.17,,9186,3781,0.7564296520423601,49.167927382753405,0.0,False,False,False
D,pathD_qwen3-4b_vEG_L7_a8_eg-eval-v2,eg-v2-02,By how much does taking aspirin reduce the risk of a second heart attack?,eg_v2_score=18.54,,8448,2575,1.4265335235378032,18.544935805991443,2.1398002853067046,False,False,False
D,pathD_qwen3-4b_vEG_L7_a8_eg-eval-v2,eg-v2-03,Are SSRIs more effective than placebo for treating mild depression?,eg_v2_score=18.38,,6246,2433,1.050420168067227,18.38235294117647,0.0,False,False,False
D,pathD_qwen3-4b_vEG_L7_a8_eg-eval-v2,eg-v2-04,How do scientists determine the age of the universe?,eg_v2_score=79.06,,6099,2767,3.080082135523614,79.05544147843943,0.0,False,False,False
D,pathD_qwen3-4b_vEG_L7_a8_eg-eval-v2,eg-v2-05,How exactly does the body develop antibiotic resistance against penicillin specifically?,eg_v2_score=28.39,,6719,3775,2.103049421661409,28.391167192429023,3.1545741324921135,False,False,False
D,pathD_qwen3-4b_vEG_L7_a8_eg-eval-v2,eg-v2-06,"How much global warming has human activity caused since 1850, and how is that quantified?",eg_v2_score=43.44,,7603,4015,0.8517887563884157,43.441226575809196,0.0,False,False,False
D,pathD_qwen3-4b_vEG_L7_a8_eg-eval-v2,eg-v2-07,"Does the 10,000-hour rule of practice actually predict expert performance?",eg_v2_score=17.52,,6876,3680,1.893939393939394,17.51893939393939,0.0,False,False,False
D,pathD_qwen3-4b_vEG_L7_a8_eg-eval-v2,eg-v2-08,"How do we know which dinosaurs had feathers, given that soft tissues rarely fossilize?",eg_v2_score=0.74,,9201,4494,0.7407407407407407,0.7407407407407407,2.2222222222222223,False,False,False
D,pathD_qwen3-4b_vEG_L7_a8_eg-eval-v2,eg-v2-09,Through what biochemical pathway does ibuprofen reduce inflammation?,eg_v2_score=105.68,,7245,2246,4.892367906066536,105.67514677103718,0.0,False,False,False
D,pathD_qwen3-4b_vEG_L7_a8_eg-eval-v2,eg-v2-10,How much does adding a single seismic damper reduce a tall building's lateral sway during an earthquake?,eg_v2_score=0.00,,7855,2264,3.289473684210526,0.0,0.0,False,False,False
D,pathD_qwen3-4b_vVERB_L5_a4_eg-eval-v2,eg-v2-01,Through what specific cellular mechanism does smoking cause lung cancer?,eg_v2_score=57.28,,7429,4418,1.941747572815534,57.28155339805825,0.0,False,False,False
D,pathD_qwen3-4b_vVERB_L5_a4_eg-eval-v2,eg-v2-02,By how much does taking aspirin reduce the risk of a second heart attack?,eg_v2_score=20.97,,5616,1955,1.1037527593818985,20.97130242825607,0.0,False,False,False
D,pathD_qwen3-4b_vVERB_L5_a4_eg-eval-v2,eg-v2-03,Are SSRIs more effective than placebo for treating mild depression?,eg_v2_score=11.20,,6528,3125,1.0183299389002036,11.20162932790224,0.0,False,False,False
D,pathD_qwen3-4b_vVERB_L5_a4_eg-eval-v2,eg-v2-04,How do scientists determine the age of the universe?,eg_v2_score=61.12,,7875,4741,4.1017227235438884,61.115668580803934,-0.8203445447087777,False,False,False
D,pathD_qwen3-4b_vVERB_L5_a4_eg-eval-v2,eg-v2-05,How exactly does the body develop antibiotic resistance against penicillin specifically?,eg_v2_score=20.52,,6060,3278,0.0,20.524515393386547,0.0,False,False,False
D,pathD_qwen3-4b_vVERB_L5_a4_eg-eval-v2,eg-v2-06,"How much global warming has human activity caused since 1850, and how is that quantified?",eg_v2_score=36.14,,8335,3660,0.8032128514056225,36.144578313253014,-1.606425702811245,False,False,False
D,pathD_qwen3-4b_vVERB_L5_a4_eg-eval-v2,eg-v2-07,"Does the 10,000-hour rule of practice actually predict expert performance?",eg_v2_score=19.71,,6357,3508,3.1120331950207465,19.70954356846473,0.0,False,False,False
D,pathD_qwen3-4b_vVERB_L5_a4_eg-eval-v2,eg-v2-08,"How do we know which dinosaurs had feathers, given that soft tissues rarely fossilize?",eg_v2_score=-0.80,,8357,3586,3.2076984763432237,-0.8019246190858059,4.811547714514836,False,False,False
D,pathD_qwen3-4b_vVERB_L5_a4_eg-eval-v2,eg-v2-09,Through what biochemical pathway does ibuprofen reduce inflammation?,eg_v2_score=103.03,,8623,2709,3.270645952575634,103.02534750613246,0.0,False,False,False
D,pathD_qwen3-4b_vVERB_L5_a4_eg-eval-v2,eg-v2-10,How much does adding a single seismic damper reduce a tall building's lateral sway during an earthquake?,eg_v2_score=1.34,,8908,8907,4.707464694014795,1.3449899125756557,2.017484868863484,True,False,True
D,pathD_qwen3-4b_vVERB_L5_a8_eg-eval-v2,eg-v2-01,Through what specific cellular mechanism does smoking cause lung cancer?,eg_v2_score=40.80,,8045,4322,1.736111111111111,40.798611111111114,0.0,False,False,False
D,pathD_qwen3-4b_vVERB_L5_a8_eg-eval-v2,eg-v2-02,By how much does taking aspirin reduce the risk of a second heart attack?,eg_v2_score=38.65,,6011,1446,1.004016064257028,38.65461847389558,0.0,False,False,False
D,pathD_qwen3-4b_vVERB_L5_a8_eg-eval-v2,eg-v2-03,Are SSRIs more effective than placebo for treating mild depression?,eg_v2_score=21.97,,9081,3511,0.7087172218284905,21.970233876683203,4.252303330970943,False,False,False
D,pathD_qwen3-4b_vVERB_L5_a8_eg-eval-v2,eg-v2-04,How do scientists determine the age of the universe?,eg_v2_score=72.71,,7640,3815,1.6339869281045751,72.7124183006536,0.0,False,False,False
D,pathD_qwen3-4b_vVERB_L5_a8_eg-eval-v2,eg-v2-05,How exactly does the body develop antibiotic resistance against penicillin specifically?,eg_v2_score=38.43,,9049,4259,1.5372790161414296,38.43197540353574,0.0,False,False,False
D,pathD_qwen3-4b_vVERB_L5_a8_eg-eval-v2,eg-v2-06,"How much global warming has human activity caused since 1850, and how is that quantified?",eg_v2_score=33.33,,7939,4260,0.8032128514056225,33.333333333333336,-1.606425702811245,False,False,False
D,pathD_qwen3-4b_vVERB_L5_a8_eg-eval-v2,eg-v2-07,"Does the 10,000-hour rule of practice actually predict expert performance?",eg_v2_score=15.46,,6496,3548,2.061855670103093,15.463917525773196,0.0,False,False,False
D,pathD_qwen3-4b_vVERB_L5_a8_eg-eval-v2,eg-v2-08,"How do we know which dinosaurs had feathers, given that soft tissues rarely fossilize?",eg_v2_score=0.00,,8709,3364,0.7662835249042146,0.0,6.896551724137931,False,False,False
D,pathD_qwen3-4b_vVERB_L5_a8_eg-eval-v2,eg-v2-09,Through what biochemical pathway does ibuprofen reduce inflammation?,eg_v2_score=105.71,,5931,2522,2.430133657351154,105.71081409477522,0.0,False,False,False
D,pathD_qwen3-4b_vVERB_L5_a8_eg-eval-v2,eg-v2-10,How much does adding a single seismic damper reduce a tall building's lateral sway during an earthquake?,eg_v2_score=0.00,,7488,7487,3.7037037037037037,0.0,0.0,False,False,True
